<?xml version="1.0" encoding="UTF-8"?><idempiere Name="AD_Menu" Version="1.0.0" idempiereVersion="2.1.0.qualifier" DataBaseVersion="2014-10-31" Description="" Author="SuperUser" AuthorEmail="superuser @ idempiere.com" CreatedDate="Tue Feb 16 12:33:46 VET 2016" UpdatedDate="Tue Feb 16 12:33:46 VET 2016" PackOutVersion="100" UpdateDictionary="true" Client="0-SYSTEM-System" AD_Client_UU="11237b53-9592-4af1-b3c5-afd216514b5d">
  <AD_Menu type="table">
        <SeqNo>17</SeqNo>
        <AD_Client_ID>0</AD_Client_ID>
        <AD_Org_ID>0</AD_Org_ID>
        <Name>Flowers Coda Bar</Name>
        <Description/>
        <Action/>
        <AD_Window_ID reference="id"/>
        <AD_Workflow_ID reference="id"/>
        <AD_Task_ID reference="id"/>
        <IsActive>Y</IsActive>
        <IsSummary>Y</IsSummary>
        <AD_Process_ID reference="id"/>
        <IsSOTrx>N</IsSOTrx>
        <AD_Form_ID reference="id"/>
        <IsReadOnly>N</IsReadOnly>
        <EntityType>U</EntityType>
        <IsCentrallyMaintained>N</IsCentrallyMaintained>
        <AD_Menu_UU>e1af8a4a-b9ae-4c01-9fbd-517ddf0d4efa</AD_Menu_UU>
        <AD_InfoWindow_ID reference="id"/>
        <AD_Menu_Trl type="translation">
            <Name>Flowers Coda Bar</Name>
            <Description/>
            <AD_Language>es_EC</AD_Language>
            <IsActive>Y</IsActive>
            <IsTranslated>N</IsTranslated>
        </AD_Menu_Trl>
        <AD_Menu type="table">
            <Parent_ID reference="uuid" reference-key="AD_Menu">e1af8a4a-b9ae-4c01-9fbd-517ddf0d4efa</Parent_ID>
            <SeqNo>1</SeqNo>
            <AD_Client_ID>0</AD_Client_ID>
            <AD_Org_ID>0</AD_Org_ID>
            <Name>Coda Bar Production</Name>
            <Description/>
            <Action>X</Action>
            <AD_Window_ID reference="id"/>
            <AD_Workflow_ID reference="id"/>
            <AD_Task_ID reference="id"/>
            <IsActive>Y</IsActive>
            <IsSummary>N</IsSummary>
            <AD_Process_ID reference="id"/>
            <IsSOTrx>N</IsSOTrx>
            <AD_Form_ID reference="uuid" reference-key="AD_Form">3f0226bd-a41a-4bfc-b6b9-1c3234c34165</AD_Form_ID>
            <IsReadOnly>N</IsReadOnly>
            <EntityType>U</EntityType>
            <IsCentrallyMaintained>Y</IsCentrallyMaintained>
            <AD_Menu_UU>6e0c6c64-8f45-4cec-9228-fc64c0cc8b26</AD_Menu_UU>
            <AD_InfoWindow_ID reference="id"/>
            <AD_Form type="table">
                <AD_Client_ID>0</AD_Client_ID>
                <AD_Org_ID>0</AD_Org_ID>
                <IsActive>Y</IsActive>
                <Name>Print Code Bar Production</Name>
                <Description/>
                <Help/>
                <Classname>form.WCodaBar_Production</Classname>
                <AccessLevel>3</AccessLevel>
                <EntityType>U</EntityType>
                <IsBetaFunctionality>N</IsBetaFunctionality>
                <JSPURL/>
                <AD_Form_UU>3f0226bd-a41a-4bfc-b6b9-1c3234c34165</AD_Form_UU>
                <AD_CtxHelp_ID reference="id"/>
                <AD_Form_Trl type="translation">
                    <Description/>
                    <Name>Print Code Bar Production</Name>
                    <Help/>
                    <AD_Language>es_EC</AD_Language>
                    <IsActive>Y</IsActive>
                    <IsTranslated>N</IsTranslated>
                </AD_Form_Trl>
            </AD_Form>
        </AD_Menu>
        <AD_Menu type="table">
            <Parent_ID reference="uuid" reference-key="AD_Menu">e1af8a4a-b9ae-4c01-9fbd-517ddf0d4efa</Parent_ID>
            <SeqNo>0</SeqNo>
            <AD_Client_ID>0</AD_Client_ID>
            <AD_Org_ID>0</AD_Org_ID>
            <Name>Coda Bar Postcosecha</Name>
            <Description/>
            <Action>X</Action>
            <AD_Window_ID reference="id"/>
            <AD_Workflow_ID reference="id"/>
            <AD_Task_ID reference="id"/>
            <IsActive>Y</IsActive>
            <IsSummary>N</IsSummary>
            <AD_Process_ID reference="id"/>
            <IsSOTrx>N</IsSOTrx>
            <AD_Form_ID reference="uuid" reference-key="AD_Form">3ddfd38d-8cf0-4df8-8d16-0a9d4ccc479e</AD_Form_ID>
            <IsReadOnly>N</IsReadOnly>
            <EntityType>U</EntityType>
            <IsCentrallyMaintained>Y</IsCentrallyMaintained>
            <AD_Menu_UU>bde37c5e-0189-41c7-bc9b-1b02deb4a0d5</AD_Menu_UU>
            <AD_InfoWindow_ID reference="id"/>
            <AD_Form type="table">
                <AD_Client_ID>0</AD_Client_ID>
                <AD_Org_ID>0</AD_Org_ID>
                <IsActive>Y</IsActive>
                <Name>Print Code Bar Postcosecha</Name>
                <Description/>
                <Help/>
                <Classname>form.WCodaBar_Postcosecha</Classname>
                <AccessLevel>3</AccessLevel>
                <EntityType>U</EntityType>
                <IsBetaFunctionality>N</IsBetaFunctionality>
                <JSPURL/>
                <AD_Form_UU>3ddfd38d-8cf0-4df8-8d16-0a9d4ccc479e</AD_Form_UU>
                <AD_CtxHelp_ID reference="id"/>
                <AD_Form_Trl type="translation">
                    <Description/>
                    <Name>Print Code Bar Postcosecha</Name>
                    <Help/>
                    <AD_Language>es_EC</AD_Language>
                    <IsActive>Y</IsActive>
                    <IsTranslated>N</IsTranslated>
                </AD_Form_Trl>
            </AD_Form>
        </AD_Menu>
        <AD_Menu type="table">
            <Parent_ID reference="uuid" reference-key="AD_Menu">e1af8a4a-b9ae-4c01-9fbd-517ddf0d4efa</Parent_ID>
            <SeqNo>2</SeqNo>
            <AD_Client_ID>0</AD_Client_ID>
            <AD_Org_ID>0</AD_Org_ID>
            <Name>Coda Bar National</Name>
            <Description/>
            <Action>X</Action>
            <AD_Window_ID reference="id"/>
            <AD_Workflow_ID reference="id"/>
            <AD_Task_ID reference="id"/>
            <IsActive>Y</IsActive>
            <IsSummary>N</IsSummary>
            <AD_Process_ID reference="id"/>
            <IsSOTrx>N</IsSOTrx>
            <AD_Form_ID reference="uuid" reference-key="AD_Form">f4fcc1b9-e44b-4257-874b-6aa9d0da1b5b</AD_Form_ID>
            <IsReadOnly>N</IsReadOnly>
            <EntityType>U</EntityType>
            <IsCentrallyMaintained>Y</IsCentrallyMaintained>
            <AD_Menu_UU>a43fc981-609a-4f46-9cb0-0b3f74991ad0</AD_Menu_UU>
            <AD_InfoWindow_ID reference="id"/>
            <AD_Form type="table">
                <AD_Client_ID>0</AD_Client_ID>
                <AD_Org_ID>0</AD_Org_ID>
                <IsActive>Y</IsActive>
                <Name>Print Code BarNational</Name>
                <Description/>
                <Help/>
                <Classname>form.WCodaBar_National</Classname>
                <AccessLevel>3</AccessLevel>
                <EntityType>U</EntityType>
                <IsBetaFunctionality>N</IsBetaFunctionality>
                <JSPURL/>
                <AD_Form_UU>f4fcc1b9-e44b-4257-874b-6aa9d0da1b5b</AD_Form_UU>
                <AD_CtxHelp_ID reference="id"/>
                <AD_Form_Trl type="translation">
                    <Description/>
                    <Name>Print Code BarNational</Name>
                    <Help/>
                    <AD_Language>es_EC</AD_Language>
                    <IsActive>Y</IsActive>
                    <IsTranslated>N</IsTranslated>
                </AD_Form_Trl>
            </AD_Form>
        </AD_Menu>
    </AD_Menu>
   <AD_Element type="table">
        <AD_Client_ID>0</AD_Client_ID>
        <AD_Org_ID>0</AD_Org_ID>
        <IsActive>Y</IsActive>
        <ColumnName>Mesa</ColumnName>
        <Name>Mesa</Name>
        <Description/>
        <Help/>
        <PrintName>Mesa</PrintName>
        <PO_Description/>
        <PO_Help/>
        <PO_Name/>
        <PO_PrintName/>
        <EntityType>U</EntityType>
        <AD_Element_UU>817a82bb-ccd9-41e5-be51-8356a7653063</AD_Element_UU>
        <AD_Element_Trl type="translation">
            <Name>Mesa</Name>
            <Description/>
            <PrintName>Mesa</PrintName>
            <PO_Help/>
            <PO_PrintName/>
            <PO_Name/>
            <Help/>
            <PO_Description/>
            <AD_Language>es_EC</AD_Language>
            <IsActive>Y</IsActive>
            <IsTranslated>N</IsTranslated>
        </AD_Element_Trl>
    </AD_Element>
   <AD_Column type="table">
        <IsSyncDatabase>Y</IsSyncDatabase>
        <AD_Table_ID reference="uuid" reference-key="AD_Table">08728106-7f1c-4821-9d44-9edad60f90cf</AD_Table_ID>
        <AD_Reference_Value_ID reference="id"/>
        <AD_Client_ID>0</AD_Client_ID>
        <AD_Org_ID>0</AD_Org_ID>
        <Version>0.0</Version>
        <Name>Mesa</Name>
        <Description/>
        <Help/>
        <AD_Val_Rule_ID reference="id"/>
        <ColumnName>Mesa</ColumnName>
        <DefaultValue/>
        <FieldLength>30</FieldLength>
        <IsKey>N</IsKey>
        <IsParent>N</IsParent>
        <IsMandatory>N</IsMandatory>
        <IsTranslated>N</IsTranslated>
        <IsIdentifier>N</IsIdentifier>
        <SeqNo/>
        <IsEncrypted>N</IsEncrypted>
        <AD_Reference_ID reference="id">10</AD_Reference_ID>
        <IsActive>Y</IsActive>
        <VFormat/>
        <Callout/>
        <AD_Element_ID reference="uuid" reference-key="AD_Element">817a82bb-ccd9-41e5-be51-8356a7653063</AD_Element_ID>
        <IsUpdateable>Y</IsUpdateable>
        <AD_Process_ID reference="id"/>
        <ValueMin/>
        <ValueMax/>
        <IsSelectionColumn>N</IsSelectionColumn>
        <ReadOnlyLogic/>
        <EntityType>U</EntityType>
        <IsAlwaysUpdateable>N</IsAlwaysUpdateable>
        <ColumnSQL/>
        <MandatoryLogic/>
        <IsAutocomplete>N</IsAutocomplete>
        <IsAllowLogging>Y</IsAllowLogging>
        <FormatPattern/>
        <AD_Chart_ID reference="id"/>
        <AD_Column_UU>43fa79d0-f6b2-48fa-8d46-47790daf90cb</AD_Column_UU>
        <IsAllowCopy>Y</IsAllowCopy>
        <SeqNoSelection/>
        <IsToolbarButton>N</IsToolbarButton>
        <IsSecure>N</IsSecure>
        <FKConstraintName/>
        <FKConstraintType>N</FKConstraintType>
    </AD_Column>
  <AD_Field type="table">
        <AD_Client_ID>0</AD_Client_ID>
        <AD_Org_ID>0</AD_Org_ID>
        <Name>Mesa</Name>
        <Description/>
        <Help/>
        <AD_Tab_ID reference="uuid" reference-key="AD_Tab">3abaeafc-ef2c-4e1b-80c4-0e2a094b2978</AD_Tab_ID>
        <AD_Column_ID reference="uuid" reference-key="AD_Column">43fa79d0-f6b2-48fa-8d46-47790daf90cb</AD_Column_ID>
        <IsDisplayed>Y</IsDisplayed>
        <DisplayLogic/>
        <DisplayLength>30</DisplayLength>
        <SeqNo>150</SeqNo>
        <SortNo/>
        <IsSameLine>N</IsSameLine>
        <IsHeading>N</IsHeading>
        <IsFieldOnly>N</IsFieldOnly>
        <IsEncrypted>N</IsEncrypted>
        <IsActive>Y</IsActive>
        <IsReadOnly>N</IsReadOnly>
        <IsCentrallyMaintained>Y</IsCentrallyMaintained>
        <AD_FieldGroup_ID reference="id"/>
        <EntityType>U</EntityType>
        <ObscureType/>
        <AD_Reference_ID reference="id"/>
        <IsMandatory/>
        <DefaultValue/>
        <AD_Reference_Value_ID reference="id"/>
        <AD_Val_Rule_ID reference="id"/>
        <Included_Tab_ID reference="id"/>
        <AD_Field_UU>5f6ad5c3-fbcf-4b11-b4c7-b1c026df1baa</AD_Field_UU>
        <IsAllowCopy/>
        <IsDisplayedGrid>Y</IsDisplayedGrid>
        <SeqNoGrid>140</SeqNoGrid>
        <XPosition>1</XPosition>
        <ColumnSpan>2</ColumnSpan>
        <NumLines>1</NumLines>
        <IsQuickEntry>N</IsQuickEntry>
        <IsUpdateable/>
        <IsAlwaysUpdateable/>
        <MandatoryLogic/>
        <ReadOnlyLogic/>
        <IsToolbarButton/>
        <IsDefaultFocus>N</IsDefaultFocus>
        <IsAdvancedField>N</IsAdvancedField>
        <AD_Field_Trl type="translation">
            <Description/>
            <Name>Mesa</Name>
            <Help/>
            <AD_Language>es_EC</AD_Language>
            <IsActive>Y</IsActive>
            <IsTranslated>N</IsTranslated>
        </AD_Field_Trl>
    </AD_Field>

    <AD_SysConfig type="table">
        <AD_Client_ID>0</AD_Client_ID>
        <AD_Org_ID>0</AD_Org_ID>
        <IsActive>Y</IsActive>
        <Name>FLC_idProyecto</Name>
        <Value>1000000</Value>
        <Description>id del proyecto para ingresos Flor Produccion Procesada</Description>
        <EntityType>U</EntityType>
        <ConfigurationLevel>S</ConfigurationLevel>
        <AD_SysConfig_UU>ae1f91d5-010a-4316-8789-e96f381f8bb2</AD_SysConfig_UU>
    </AD_SysConfig>
    <AD_SysConfig type="table">
        <AD_Client_ID>0</AD_Client_ID>
        <AD_Org_ID>0</AD_Org_ID>
        <IsActive>Y</IsActive>
        <Name>FLC_idCampaign</Name>
        <Value>1000000</Value>
        <Description>id de la Campaña para ingresos Flor Produccion Procesada</Description>
        <EntityType>U</EntityType>
        <ConfigurationLevel>S</ConfigurationLevel>
        <AD_SysConfig_UU>e37cd75f-43b2-4a7e-8928-79df96579396</AD_SysConfig_UU>
    </AD_SysConfig>
    <AD_SysConfig type="table">
        <AD_Client_ID>0</AD_Client_ID>
        <AD_Org_ID>0</AD_Org_ID>
        <IsActive>Y</IsActive>
        <Name>FLC_LocatorNacional</Name>
        <Value>NacionalSA</Value>
        <Description>Nombre de Locator para codabar Nacional</Description>
        <EntityType>U</EntityType>
        <ConfigurationLevel>S</ConfigurationLevel>
        <AD_SysConfig_UU>1bcdfa43-d48d-4f44-8d76-221db6e62c00</AD_SysConfig_UU>
    </AD_SysConfig>
    <AD_SysConfig type="table">
        <AD_Client_ID>0</AD_Client_ID>
        <AD_Org_ID>0</AD_Org_ID>
        <IsActive>Y</IsActive>
        <Name>FLC_LocatorCultivo</Name>
        <Value>Cultivo</Value>
        <Description>Nombre de Locator para codabar Cultivo</Description>
        <EntityType>U</EntityType>
        <ConfigurationLevel>S</ConfigurationLevel>
        <AD_SysConfig_UU>4ab71670-7a6e-4c30-a571-0932cb67d655</AD_SysConfig_UU>
    </AD_SysConfig>
    <AD_SysConfig type="table">
        <AD_Client_ID>0</AD_Client_ID>
        <AD_Org_ID>0</AD_Org_ID>
        <IsActive>Y</IsActive>
        <Name>FLC_LocatorAbierto</Name>
        <Value>Insumos</Value>
        <Description>Nombre de Locator para codabar Abierto</Description>
        <EntityType>U</EntityType>
        <ConfigurationLevel>S</ConfigurationLevel>
        <AD_SysConfig_UU>6f1e8886-39df-490f-bda9-f5f39a3e6f5a</AD_SysConfig_UU>
    </AD_SysConfig>
    <AD_SysConfig type="table">
        <AD_Client_ID>0</AD_Client_ID>
        <AD_Org_ID>0</AD_Org_ID>
        <IsActive>Y</IsActive>
        <Name>FLC_LocatorClientes</Name>
        <Value>Clientes</Value>
        <Description>Nombre de Locator para codabar Cliente</Description>
        <EntityType>U</EntityType>
        <ConfigurationLevel>S</ConfigurationLevel>
        <AD_SysConfig_UU>e8cdfa60-5aa0-41e1-bd29-05d72d3598b1</AD_SysConfig_UU>
    </AD_SysConfig>

</idempiere>
